text,sentiment
The product quality is amazing and delivery was fast.,positive
"Excellent customer service, very satisfied!",positive
"Great experience, will buy again.",positive
Loved the packaging and the support team was helpful.,positive
The app is smooth and easy to use.,positive
Outstanding quality and fantastic customer support.,positive
"Best purchase I've made this year, highly recommended!",positive
Quick delivery and the product exceeded my expectations.,positive
The interface is intuitive and the features are amazing.,positive
Customer service went above and beyond to help me.,positive
"Product works exactly as described, very happy with it.",positive
Fast shipping and great value for money.,positive
The team is responsive and the quality is top-notch.,positive
"Absolutely love this product, worth every penny!",positive
Smooth user experience and excellent design.,positive
Great customer service and product quality.,positive
Delivery was on time and the product is perfect.,positive
Very impressed with the quality and service.,positive
"The app works flawlessly, no issues at all.",positive
Outstanding experience from start to finish.,positive
Very disappointed with the product.,negative
Delivery was late and customer service was rude.,negative
The product stopped working after two days.,negative
"Terrible experience, waste of money.",negative
App crashes frequently and is slow.,negative
Poor quality and terrible customer support.,negative
Product arrived broken and no one responds to emails.,negative
"Worst purchase ever, completely useless.",negative
The app is full of bugs and crashes constantly.,negative
Customer service is unhelpful and rude.,negative
"Product quality is very poor, not worth the price.",negative
Delivery took forever and the item was damaged.,negative
"The app never works properly, very frustrating.",negative
Completely dissatisfied with the service.,negative
Product broke after one week of use.,negative
"Terrible experience, would not recommend.",negative
The interface is confusing and the app is slow.,negative
Poor quality control and bad customer service.,negative
"Waste of money, product doesn't work as advertised.",negative
Very disappointed with the entire experience.,negative
The product is okay.,neutral
Average experience.,neutral
It works as expected.,neutral
Nothing special but not bad either.,neutral
The delivery time was standard.,neutral
Product meets basic requirements.,neutral
"It's fine, nothing extraordinary.",neutral
Decent quality for the price.,neutral
The app does what it's supposed to do.,neutral
"Standard service, no complaints.",neutral
Product is functional but could be better.,neutral
Average customer service experience.,neutral
"It works, nothing more to say.",neutral
The quality is acceptable.,neutral
Normal delivery time.,neutral
The app is usable but has room for improvement.,neutral
"Product is as described, nothing more.",neutral
"Service was okay, could be better.",neutral
It meets expectations but doesn't exceed them.,neutral
"Standard product, average quality.",neutral
Good product but delivery was slow.,neutral
Great quality but customer service needs improvement.,neutral
App works well but interface could be better.,neutral
Fast delivery but product quality is average.,neutral
Customer service is helpful but product is overpriced.,neutral
The app has great features but crashes sometimes.,neutral
Product quality is excellent but packaging was poor.,neutral
Delivery was quick but item arrived damaged.,neutral
Great customer service but the product didn't work.,neutral
The app is user-friendly but lacks some features.,neutral
Product is good value but takes too long to deliver.,neutral
Customer service responds quickly but isn't always helpful.,neutral
The app works well but the design is outdated.,neutral
Quality is good but the price is too high.,neutral
Fast delivery but the product doesn't match the description.,neutral
Great features but the app is too complicated.,neutral
Product works well but customer service is slow.,neutral
The app is stable but lacks important features.,neutral
Good quality but the shipping cost is too high.,neutral
Customer service is friendly but not very knowledgeable.,neutral
